{
  "run_id": "xor-101-1771156633",
  "scape": "xor",
  "population_size": 12,
  "generations": 6,
  "seed": 101,
  "initial_best": 0.6801663016213432,
  "final_best": 0.8133311590135054,
  "improvement": 0.13316485739216222,
  "min_improvement": 0.0001,
  "passed": true
}
