{
  "best_by_generation": [
    0.6801663016213432,
    0.7005239553147722,
    0.7323573431765187,
    0.7323573431765187,
    0.75076359092803,
    0.7981155975942578
  ],
  "final_best_fitness": 0.7981155975942578
}
