{
  "run_id": "xor-101-1770698860",
  "scape": "xor",
  "population_size": 12,
  "generations": 6,
  "seed": 101,
  "initial_best": 0.6801663016213432,
  "final_best": 0.7937470428207154,
  "improvement": 0.11358074119937223,
  "min_improvement": 0.0001,
  "passed": true
}
