{
  "run_id": "regression-mimic-202-1770839820",
  "scape": "regression-mimic",
  "population_size": 12,
  "generations": 6,
  "seed": 202,
  "initial_best": 0.9906343981403964,
  "final_best": 0.9995776405421662,
  "improvement": 0.008943242401769802,
  "min_improvement": 0.0001,
  "passed": true
}
