{
  "best_by_generation": [
    0.9105842157608967,
    0.9159914626439691,
    0.9159914626439691,
    0.9349191332545828,
    0.9379464304175156,
    0.9466451545272846
  ],
  "final_best_fitness": 0.9466451545272846
}
