{
  "run_id": "xor-101-1770793353",
  "scape": "xor",
  "population_size": 12,
  "generations": 6,
  "seed": 101,
  "initial_best": 0.6801663016213432,
  "final_best": 0.7839341052897612,
  "improvement": 0.10376780366841798,
  "min_improvement": 0.0001,
  "passed": true
}
