{
  "best_by_generation": [
    0.8020056328345826,
    0.8069961726817162,
    0.810207384922546
  ],
  "final_best_fitness": 0.810207384922546
}
