{
  "best_by_generation": [
    0.7450212699649001,
    0.7526170178249098
  ],
  "final_best_fitness": 0.7526170178249098
}
