{
  "run_id": "cart-pole-lite-303-1770800576",
  "scape": "cart-pole-lite",
  "population_size": 12,
  "generations": 6,
  "seed": 303,
  "initial_best": 0.9105842157608967,
  "final_best": 0.9485173719922676,
  "improvement": 0.037933156231370946,
  "min_improvement": 0.0001,
  "passed": true
}
