{
  "best_by_generation": [
    0.6801663016213432,
    0.6944492846659766,
    0.7077504990394845,
    0.7424951886263482,
    0.7460392518066306,
    0.788777441919371
  ],
  "final_best_fitness": 0.788777441919371
}
