{
  "best_by_generation": [
    0.9906343981403964,
    0.9959049361368988,
    0.9982151201662943,
    0.9982151201662943,
    0.9995776405421662,
    0.9995776405421662
  ],
  "final_best_fitness": 0.9995776405421662
}
