{
  "best_by_generation": [
    0.7295839486509057,
    0.7673695859484013
  ],
  "final_best_fitness": 0.7673695859484013
}
