{
  "best_by_generation": [
    0.6801663016213432,
    0.6886437626419952,
    0.725629199263975,
    0.7515419656399156,
    0.7736582676539631,
    0.7937470428207154
  ],
  "final_best_fitness": 0.7937470428207154
}
