{
  "best_by_generation": [
    0.9105842157608967,
    0.9159914626439691,
    0.9250632759057557,
    0.928266268776521,
    0.9449985417907529,
    0.9485173719922676
  ],
  "final_best_fitness": 0.9485173719922676
}
