{
  "best_by_generation": [
    0.7319328463262826,
    0.7547722388344628
  ],
  "final_best_fitness": 0.7547722388344628
}
