{
  "run_id": "cart-pole-lite-303-1770872369",
  "scape": "cart-pole-lite",
  "population_size": 12,
  "generations": 6,
  "seed": 303,
  "initial_best": 0.9105842157608967,
  "final_best": 0.9466451545272846,
  "improvement": 0.03606093876638794,
  "min_improvement": 0.0001,
  "passed": true
}
