{
  "best_by_generation": [
    0.9105842157608967,
    0.9337884328170465,
    0.9406634283372607,
    0.9567136555090262,
    0.9567136555090262,
    0.9567136555090262
  ],
  "final_best_fitness": 0.9567136555090262
}
