{
  "best_by_generation": [
    0.9906343981403964,
    0.9959049361368988,
    0.9999391368620766,
    0.9999391368620766,
    0.9999391368620766,
    0.9999391368620766
  ],
  "final_best_fitness": 0.9999391368620766
}
