{
  "best_by_generation": [
    0.6801663016213432,
    0.6944492846659766,
    0.7077504990394845,
    0.7424951886263482,
    0.7762886083908748,
    0.7839341052897612
  ],
  "final_best_fitness": 0.7839341052897612
}
